customer_id,segment,join_date,total_orders
CUST000001,New,2025-05-09,38
CUST000002,New,2024-11-21,26
CUST000003,Premium,2025-01-28,9
CUST000004,Regular,2024-08-30,6
CUST000005,Premium,2025-12-16,10
CUST000006,Premium,2024-05-01,44
CUST000007,New,2024-11-27,5
CUST000008,Regular,2025-01-04,39
CUST000009,New,2024-10-11,17
CUST000010,Premium,2024-07-16,44
CUST000011,New,2025-10-08,35
CUST000012,New,2025-05-05,22
CUST000013,Regular,2025-10-11,28
CUST000014,Regular,2025-08-25,1
CUST000015,New,2025-05-09,49
CUST000016,New,2025-08-04,7
CUST000017,Regular,2024-05-03,41
CUST000018,New,2024-09-01,13
CUST000019,Regular,2025-08-30,49
CUST000020,New,2025-08-21,50
CUST000021,Premium,2024-08-08,39
CUST000022,Regular,2025-03-08,2
CUST000023,Regular,2025-10-11,20
CUST000024,Premium,2025-06-02,16
CUST000025,Premium,2024-07-02,6
CUST000026,Premium,2024-09-23,49
CUST000027,Premium,2024-08-06,9
CUST000028,Regular,2024-03-29,36
CUST000029,Regular,2025-08-17,34
CUST000030,Regular,2024-05-22,14
CUST000031,New,2024-07-30,45
CUST000032,New,2025-07-12,20
CUST000033,New,2024-12-21,42
CUST000034,Regular,2025-01-16,34
CUST000035,Premium,2024-10-28,16
CUST000036,Premium,2025-06-17,22
CUST000037,New,2026-01-12,36
CUST000038,New,2025-06-12,15
CUST000039,Premium,2026-01-26,46
CUST000040,Premium,2024-04-27,15
CUST000041,Premium,2025-11-25,22
CUST000042,New,2025-11-22,16
CUST000043,New,2025-04-23,32
CUST000044,New,2025-06-28,9
CUST000045,New,2024-06-28,31
CUST000046,Regular,2025-05-30,27
CUST000047,Premium,2025-07-23,7
CUST000048,Regular,2024-03-30,23
CUST000049,Regular,2024-11-26,30
CUST000050,New,2025-12-09,42
CUST000051,Premium,2024-04-12,4
CUST000052,New,2024-12-17,22
CUST000053,Premium,2025-10-14,13
CUST000054,New,2025-07-23,29
CUST000055,Regular,2025-09-12,12
CUST000056,Regular,2025-04-23,16
CUST000057,Regular,2025-11-17,36
CUST000058,Premium,2025-10-25,42
CUST000059,Premium,2024-07-29,6
CUST000060,Premium,2025-06-05,27
CUST000061,Regular,2024-09-23,14
CUST000062,Premium,2024-12-19,11
CUST000063,Premium,2025-01-10,25
CUST000064,Regular,2025-05-07,19
CUST000065,New,2024-11-26,47
CUST000066,New,2024-07-13,46
CUST000067,Premium,2024-09-22,13
CUST000068,Premium,2025-04-05,4
CUST000069,New,2024-06-19,35
CUST000070,New,2025-12-02,21
CUST000071,Premium,2025-12-06,38
CUST000072,New,2024-10-02,34
CUST000073,Premium,2025-08-25,33
CUST000074,Premium,2025-11-12,5
CUST000075,Premium,2024-06-03,44
CUST000076,Regular,2025-06-07,8
CUST000077,Premium,2024-06-29,38
CUST000078,Premium,2024-06-04,40
CUST000079,Regular,2025-11-11,43
CUST000080,New,2024-06-15,34
CUST000081,Regular,2025-03-16,14
CUST000082,New,2024-03-19,21
CUST000083,Regular,2025-06-03,26
CUST000084,New,2025-09-21,42
CUST000085,Regular,2025-04-01,21
CUST000086,Premium,2025-11-20,30
CUST000087,New,2024-05-07,7
CUST000088,New,2025-11-19,14
CUST000089,Regular,2024-09-02,9
CUST000090,Premium,2025-02-10,16
CUST000091,Regular,2025-01-20,11
CUST000092,New,2024-11-11,46
CUST000093,New,2025-03-30,42
CUST000094,Premium,2024-08-10,43
CUST000095,Regular,2024-07-15,43
CUST000096,Premium,2025-10-19,17
CUST000097,Premium,2025-10-07,48
CUST000098,Premium,2024-07-16,18
CUST000099,New,2025-04-20,14
CUST000100,Premium,2025-02-16,44
CUST000101,Regular,2024-04-24,33
CUST000102,Regular,2024-09-20,4
CUST000103,New,2025-10-31,28
CUST000104,Premium,2025-04-25,1
CUST000105,Premium,2025-02-26,41
CUST000106,Premium,2025-05-10,48
CUST000107,New,2024-11-07,46
CUST000108,New,2024-11-22,1
CUST000109,Premium,2025-10-11,45
CUST000110,New,2025-09-03,3
CUST000111,New,2025-01-20,36
CUST000112,Regular,2025-09-04,9
CUST000113,Regular,2025-12-22,24
CUST000114,Regular,2025-12-24,14
CUST000115,Premium,2024-03-06,43
CUST000116,Regular,2025-10-20,50
CUST000117,Regular,2024-07-09,40
CUST000118,Premium,2025-08-28,11
CUST000119,Regular,2025-08-05,2
CUST000120,New,2025-08-03,22
CUST000121,New,2024-12-08,48
CUST000122,Regular,2025-05-24,11
CUST000123,Premium,2024-02-15,25
CUST000124,Regular,2025-12-25,15
CUST000125,Regular,2025-07-13,23
CUST000126,Premium,2025-03-27,15
CUST000127,New,2026-01-09,13
CUST000128,Regular,2024-12-21,18
CUST000129,Regular,2025-11-23,23
CUST000130,New,2024-04-17,26
CUST000131,New,2024-03-09,22
CUST000132,Premium,2026-01-05,17
CUST000133,New,2025-08-04,17
CUST000134,Premium,2025-12-25,39
CUST000135,Regular,2024-11-15,47
CUST000136,Regular,2025-03-18,39
CUST000137,Premium,2024-08-28,25
CUST000138,Premium,2024-06-22,17
CUST000139,New,2025-12-19,28
CUST000140,New,2026-02-01,35
CUST000141,New,2024-03-01,48
CUST000142,Premium,2024-03-18,24
CUST000143,Premium,2024-11-18,43
CUST000144,New,2025-03-01,21
CUST000145,Premium,2024-03-25,47
CUST000146,New,2025-04-01,20
CUST000147,Regular,2024-03-22,21
CUST000148,New,2024-12-17,19
CUST000149,Premium,2024-07-15,13
CUST000150,New,2024-11-29,25
CUST000151,New,2024-03-11,12
CUST000152,New,2024-05-13,20
CUST000153,New,2024-12-14,1
CUST000154,Regular,2025-03-28,14
CUST000155,New,2024-11-19,39
CUST000156,Regular,2024-04-03,30
CUST000157,Regular,2024-11-07,44
CUST000158,New,2025-06-29,31
CUST000159,New,2025-08-13,6
CUST000160,New,2025-04-18,43
CUST000161,New,2024-04-25,22
CUST000162,Premium,2025-10-30,44
CUST000163,Premium,2025-03-22,13
CUST000164,Premium,2025-09-05,3
CUST000165,Regular,2025-05-28,40
CUST000166,Regular,2025-11-20,27
CUST000167,New,2024-04-29,13
CUST000168,Regular,2024-02-20,32
CUST000169,Premium,2024-12-20,10
CUST000170,New,2024-04-02,1
CUST000171,Regular,2025-10-16,15
CUST000172,New,2025-08-06,34
CUST000173,Premium,2024-10-15,36
CUST000174,Premium,2025-05-23,30
CUST000175,Regular,2025-09-19,43
CUST000176,New,2024-08-08,39
CUST000177,Regular,2025-03-15,40
CUST000178,Regular,2024-09-04,36
CUST000179,Premium,2024-11-03,48
CUST000180,Regular,2024-10-04,17
CUST000181,New,2025-05-25,18
CUST000182,Regular,2024-08-18,41
CUST000183,Regular,2025-06-03,29
CUST000184,New,2025-11-15,19
CUST000185,Regular,2025-06-07,22
CUST000186,New,2025-03-12,6
CUST000187,Premium,2025-09-14,15
CUST000188,New,2025-01-06,10
CUST000189,Premium,2024-02-10,5
CUST000190,Regular,2024-12-05,22
CUST000191,Regular,2024-07-27,27
CUST000192,Premium,2025-12-01,27
CUST000193,New,2024-12-31,45
CUST000194,New,2026-01-13,25
CUST000195,Premium,2024-10-02,23
CUST000196,Regular,2025-04-03,27
CUST000197,New,2024-07-31,48
CUST000198,New,2024-07-23,15
CUST000199,Premium,2024-09-21,18
CUST000200,Regular,2024-11-13,2
CUST000201,Regular,2024-12-31,43
CUST000202,Regular,2024-03-09,47
CUST000203,Regular,2025-08-17,9
CUST000204,New,2024-05-06,2
CUST000205,New,2024-12-26,37
CUST000206,Premium,2024-03-26,6
CUST000207,Regular,2024-04-15,9
CUST000208,Premium,2024-10-18,4
CUST000209,Regular,2025-05-12,21
CUST000210,Regular,2025-07-01,21
CUST000211,Regular,2025-02-22,18
CUST000212,Regular,2024-11-28,6
CUST000213,Premium,2024-10-09,48
CUST000214,Premium,2024-07-30,23
CUST000215,New,2025-06-18,5
CUST000216,Premium,2024-04-06,49
CUST000217,Premium,2026-01-02,13
CUST000218,New,2026-01-13,10
CUST000219,Premium,2025-06-03,31
CUST000220,Premium,2024-03-19,37
CUST000221,Regular,2025-06-24,45
CUST000222,Regular,2025-05-16,11
CUST000223,New,2024-05-23,48
CUST000224,Premium,2025-10-08,20
CUST000225,New,2025-10-15,2
CUST000226,New,2025-03-20,44
CUST000227,Regular,2025-01-14,46
CUST000228,Premium,2025-07-14,38
CUST000229,New,2024-02-26,16
CUST000230,New,2025-10-21,50
CUST000231,New,2025-03-31,39
CUST000232,New,2025-10-02,3
CUST000233,New,2025-02-12,28
CUST000234,Regular,2024-03-27,5
CUST000235,New,2024-09-02,22
CUST000236,Regular,2026-01-21,32
CUST000237,Regular,2025-10-17,24
CUST000238,Regular,2024-04-23,46
CUST000239,Regular,2025-08-30,12
CUST000240,New,2024-08-17,18
CUST000241,New,2024-05-13,50
CUST000242,Regular,2024-09-25,28
CUST000243,Regular,2024-06-06,21
CUST000244,Premium,2025-05-27,18
CUST000245,Premium,2024-10-29,49
CUST000246,New,2024-10-15,40
CUST000247,Regular,2024-03-20,22
CUST000248,Regular,2026-01-04,21
CUST000249,Regular,2025-07-31,14
CUST000250,Regular,2025-02-04,22
CUST000251,New,2025-04-22,45
CUST000252,New,2025-04-26,1
CUST000253,Premium,2024-08-22,6
CUST000254,New,2025-05-31,27
CUST000255,New,2024-09-20,49
CUST000256,New,2025-06-01,31
CUST000257,New,2024-04-12,32
CUST000258,Premium,2024-11-01,6
CUST000259,Premium,2025-04-07,26
CUST000260,Premium,2024-02-25,20
CUST000261,New,2024-03-25,24
CUST000262,New,2024-10-06,34
CUST000263,Regular,2025-02-15,48
CUST000264,Regular,2024-07-19,23
CUST000265,Regular,2024-02-14,18
CUST000266,Regular,2025-03-26,15
CUST000267,New,2025-10-02,13
CUST000268,Premium,2025-03-16,48
CUST000269,New,2024-08-03,12
CUST000270,Premium,2025-07-21,48
CUST000271,Regular,2024-09-25,47
CUST000272,New,2024-06-09,39
CUST000273,Premium,2025-04-19,13
CUST000274,Premium,2025-04-05,24
CUST000275,Regular,2025-08-03,1
CUST000276,New,2024-02-08,9
CUST000277,Premium,2025-04-28,4
CUST000278,Regular,2024-07-16,45
CUST000279,New,2025-09-26,49
CUST000280,Premium,2024-09-18,1
CUST000281,Regular,2024-06-25,31
CUST000282,Regular,2024-09-30,22
CUST000283,Premium,2025-07-29,17
CUST000284,Premium,2024-10-01,5
CUST000285,Regular,2024-12-19,5
CUST000286,New,2024-06-22,44
CUST000287,Premium,2025-12-10,10
CUST000288,Regular,2024-07-06,6
CUST000289,Premium,2025-05-24,36
CUST000290,New,2024-12-03,39
CUST000291,Premium,2024-05-10,50
CUST000292,Regular,2024-08-16,29
CUST000293,Regular,2024-11-06,38
CUST000294,Regular,2024-11-20,37
CUST000295,Premium,2024-05-08,40
CUST000296,Premium,2025-10-24,41
CUST000297,Regular,2025-07-01,43
CUST000298,Premium,2025-11-11,16
CUST000299,New,2025-08-09,5
CUST000300,Premium,2025-08-26,27
CUST000301,New,2024-10-29,39
CUST000302,Regular,2024-10-09,3
CUST000303,Regular,2025-06-10,46
CUST000304,New,2025-04-19,30
CUST000305,New,2025-11-22,15
CUST000306,New,2025-05-08,38
CUST000307,Premium,2024-03-27,28
CUST000308,New,2025-10-08,15
CUST000309,Premium,2024-04-10,18
CUST000310,Premium,2025-09-10,4
CUST000311,Regular,2025-08-17,39
CUST000312,Regular,2024-06-30,29
CUST000313,Regular,2025-09-28,45
CUST000314,New,2025-03-28,26
CUST000315,New,2025-04-30,35
CUST000316,Regular,2024-09-15,6
CUST000317,Premium,2024-05-31,28
CUST000318,New,2025-03-09,17
CUST000319,Premium,2026-01-07,15
CUST000320,New,2024-03-14,38
CUST000321,New,2026-01-12,18
CUST000322,Premium,2024-06-22,49
CUST000323,Regular,2025-08-07,34
CUST000324,Regular,2024-04-06,18
CUST000325,New,2025-08-01,28
CUST000326,Regular,2024-04-23,6
CUST000327,Regular,2024-10-09,27
CUST000328,Regular,2025-02-26,43
CUST000329,Premium,2025-10-18,22
CUST000330,New,2024-12-08,32
CUST000331,New,2025-04-13,26
CUST000332,Premium,2024-07-19,30
CUST000333,Regular,2025-11-04,17
CUST000334,Premium,2025-03-08,50
CUST000335,New,2024-12-16,1
CUST000336,New,2024-03-31,30
CUST000337,Premium,2024-12-06,13
CUST000338,Regular,2024-08-21,40
CUST000339,New,2024-09-10,29
CUST000340,Premium,2025-12-12,18
CUST000341,Premium,2024-07-20,19
CUST000342,New,2024-11-11,32
CUST000343,Premium,2025-10-01,41
CUST000344,Premium,2024-05-20,46
CUST000345,Regular,2025-08-24,36
CUST000346,New,2026-01-19,27
CUST000347,Premium,2025-10-30,8
CUST000348,Premium,2024-10-18,42
CUST000349,Regular,2025-08-29,46
CUST000350,New,2025-04-10,46
CUST000351,Regular,2025-04-29,31
CUST000352,Premium,2024-10-07,30
CUST000353,Premium,2024-07-18,25
CUST000354,New,2025-07-22,33
CUST000355,Premium,2025-09-16,18
CUST000356,Regular,2024-12-05,33
CUST000357,Premium,2025-05-05,19
CUST000358,New,2025-04-03,38
CUST000359,Regular,2024-03-29,10
CUST000360,New,2024-11-02,31
CUST000361,Regular,2025-02-14,36
CUST000362,Regular,2024-07-26,30
CUST000363,Premium,2025-03-10,45
CUST000364,New,2025-06-03,25
CUST000365,Regular,2025-06-08,3
CUST000366,New,2025-03-14,31
CUST000367,Regular,2024-02-11,25
CUST000368,New,2024-03-25,10
CUST000369,Premium,2024-09-13,9
CUST000370,New,2024-09-06,22
CUST000371,Regular,2025-10-23,7
CUST000372,Regular,2024-08-13,1
CUST000373,Regular,2025-09-08,42
CUST000374,Premium,2025-08-28,31
CUST000375,Regular,2025-05-07,40
CUST000376,Regular,2024-02-24,42
CUST000377,Regular,2025-11-12,44
CUST000378,Regular,2024-08-05,21
CUST000379,New,2024-05-02,49
CUST000380,New,2024-09-21,3
CUST000381,Premium,2024-05-11,16
CUST000382,New,2024-04-27,19
CUST000383,New,2025-06-15,6
CUST000384,Premium,2024-11-15,49
CUST000385,New,2024-04-25,7
CUST000386,Premium,2024-11-05,45
CUST000387,Premium,2025-04-02,3
CUST000388,Premium,2025-03-07,19
CUST000389,Regular,2025-01-31,28
CUST000390,Premium,2025-09-06,34
CUST000391,New,2024-12-08,44
CUST000392,Premium,2025-08-02,12
CUST000393,New,2025-11-14,25
CUST000394,New,2024-05-09,16
CUST000395,New,2024-09-11,10
CUST000396,Regular,2025-06-10,41
CUST000397,Regular,2025-05-18,17
CUST000398,Premium,2024-03-22,30
CUST000399,New,2025-04-14,35
CUST000400,Premium,2025-08-25,29
CUST000401,New,2025-02-14,20
CUST000402,Regular,2024-04-19,45
CUST000403,Regular,2025-05-22,20
CUST000404,Regular,2025-07-14,31
CUST000405,Premium,2025-10-16,25
CUST000406,Regular,2024-06-27,37
CUST000407,New,2025-04-06,19
CUST000408,New,2026-01-11,26
CUST000409,Premium,2025-04-27,37
CUST000410,New,2024-03-02,4
CUST000411,New,2024-05-23,32
CUST000412,Premium,2025-04-15,39
CUST000413,Premium,2025-02-07,41
CUST000414,New,2025-07-23,17
CUST000415,New,2024-03-10,50
CUST000416,New,2024-03-29,9
CUST000417,Premium,2024-04-30,41
CUST000418,Premium,2024-04-12,20
CUST000419,Premium,2024-11-08,38
CUST000420,New,2025-01-25,9
CUST000421,Regular,2025-11-02,21
CUST000422,Premium,2024-12-04,13
CUST000423,New,2025-09-20,24
CUST000424,New,2024-08-08,18
CUST000425,Regular,2025-08-18,31
CUST000426,New,2025-04-06,22
CUST000427,Regular,2025-10-08,5
CUST000428,Premium,2025-09-11,44
CUST000429,Regular,2024-03-14,36
CUST000430,Premium,2025-01-24,26
CUST000431,Regular,2026-01-19,35
CUST000432,Regular,2025-09-29,24
CUST000433,New,2024-03-16,44
CUST000434,New,2025-05-10,25
CUST000435,Regular,2024-04-20,7
CUST000436,Premium,2024-03-13,31
CUST000437,New,2026-01-08,36
CUST000438,New,2025-03-04,15
CUST000439,Premium,2024-04-10,41
CUST000440,New,2024-10-15,20
CUST000441,Regular,2024-04-09,8
CUST000442,Premium,2025-09-12,3
CUST000443,Regular,2025-03-28,8
CUST000444,Premium,2025-10-26,35
CUST000445,Regular,2025-09-17,30
CUST000446,New,2025-01-19,48
CUST000447,New,2024-02-20,27
CUST000448,New,2024-06-11,47
CUST000449,Regular,2025-08-28,42
CUST000450,Regular,2025-10-24,40
CUST000451,Regular,2024-12-12,3
CUST000452,Regular,2024-02-27,14
CUST000453,Regular,2024-11-05,16
CUST000454,Premium,2025-01-27,44
CUST000455,New,2025-01-22,42
CUST000456,Premium,2025-01-31,26
CUST000457,Premium,2025-04-26,8
CUST000458,Premium,2024-10-25,43
CUST000459,New,2025-06-30,41
CUST000460,Premium,2024-06-01,4
CUST000461,Premium,2025-02-26,9
CUST000462,Premium,2024-07-04,5
CUST000463,Premium,2024-07-15,38
CUST000464,Premium,2025-06-26,22
CUST000465,New,2025-09-04,1
CUST000466,Premium,2025-04-25,9
CUST000467,Regular,2024-07-29,12
CUST000468,New,2025-10-13,2
CUST000469,Premium,2025-09-21,23
CUST000470,New,2025-06-04,21
CUST000471,Premium,2026-01-17,17
CUST000472,Premium,2025-12-11,48
CUST000473,New,2024-11-28,8
CUST000474,Regular,2025-11-29,29
CUST000475,New,2025-01-28,38
CUST000476,Regular,2025-10-14,33
CUST000477,New,2025-06-21,3
CUST000478,New,2024-03-30,20
CUST000479,New,2024-10-21,2
CUST000480,Regular,2025-12-02,26
CUST000481,New,2024-11-23,7
CUST000482,New,2024-09-18,29
CUST000483,Premium,2025-11-19,21
CUST000484,Premium,2024-05-21,5
CUST000485,Regular,2025-09-26,40
CUST000486,New,2024-04-25,36
CUST000487,Regular,2024-02-04,25
CUST000488,New,2024-06-01,19
CUST000489,New,2024-10-26,39
CUST000490,Premium,2024-11-19,45
CUST000491,New,2025-10-08,42
CUST000492,New,2024-07-18,14
CUST000493,Regular,2024-11-19,15
CUST000494,Regular,2024-12-06,30
CUST000495,Regular,2024-12-21,47
CUST000496,Regular,2025-10-28,28
CUST000497,New,2025-03-19,17
CUST000498,Premium,2025-01-15,44
CUST000499,Premium,2024-10-05,6
CUST000500,Premium,2025-11-07,28
CUST000501,New,2025-10-27,48
CUST000502,Premium,2025-01-17,36
CUST000503,New,2025-12-03,36
CUST000504,Regular,2024-07-07,43
CUST000505,Regular,2025-09-30,23
CUST000506,Regular,2024-03-23,47
CUST000507,Regular,2025-12-12,39
CUST000508,Regular,2025-03-20,7
CUST000509,New,2024-06-21,14
CUST000510,New,2025-08-28,31
CUST000511,Premium,2025-06-18,23
CUST000512,Regular,2024-07-13,8
CUST000513,New,2025-04-23,15
CUST000514,New,2024-11-20,50
CUST000515,New,2024-05-07,44
CUST000516,New,2024-04-15,2
CUST000517,New,2024-05-20,45
CUST000518,Premium,2025-05-05,12
CUST000519,New,2025-04-29,49
CUST000520,Regular,2025-03-23,23
CUST000521,Premium,2026-01-27,10
CUST000522,New,2024-07-03,26
CUST000523,Premium,2025-11-23,48
CUST000524,Premium,2024-04-25,6
CUST000525,Premium,2024-08-08,25
CUST000526,Regular,2024-11-30,22
CUST000527,Regular,2025-08-25,20
CUST000528,New,2025-03-07,39
CUST000529,Premium,2025-11-08,10
CUST000530,New,2025-08-25,4
CUST000531,Premium,2024-03-14,18
CUST000532,New,2024-11-06,28
CUST000533,New,2024-09-23,29
CUST000534,Regular,2024-12-05,14
CUST000535,Premium,2024-08-27,23
CUST000536,Premium,2024-11-19,19
CUST000537,New,2024-03-10,38
CUST000538,New,2024-09-22,43
CUST000539,Premium,2025-03-24,15
CUST000540,New,2024-12-25,4
CUST000541,Premium,2026-01-26,20
CUST000542,Premium,2025-07-01,49
CUST000543,Regular,2025-05-17,21
CUST000544,Premium,2025-10-03,32
CUST000545,Premium,2024-11-19,9
CUST000546,New,2025-01-09,46
CUST000547,New,2025-06-12,36
CUST000548,Regular,2024-03-20,5
CUST000549,New,2024-12-23,3
CUST000550,Premium,2024-11-13,30
CUST000551,Regular,2025-11-15,37
CUST000552,New,2024-11-20,26
CUST000553,New,2024-02-07,27
CUST000554,Premium,2025-04-12,26
CUST000555,Regular,2026-01-12,11
CUST000556,Regular,2024-05-11,45
CUST000557,Premium,2025-01-28,28
CUST000558,Premium,2025-10-17,28
CUST000559,Regular,2024-06-09,34
CUST000560,Regular,2025-11-14,20
CUST000561,Premium,2025-02-20,22
CUST000562,Premium,2025-08-14,33
CUST000563,Premium,2024-04-25,34
CUST000564,Premium,2024-08-29,50
CUST000565,Regular,2025-02-10,47
CUST000566,Premium,2024-04-13,16
CUST000567,Premium,2025-10-20,17
CUST000568,Premium,2025-07-15,39
CUST000569,New,2025-08-30,5
CUST000570,New,2025-08-05,32
CUST000571,New,2024-10-15,49
CUST000572,Regular,2024-06-19,44
CUST000573,New,2024-07-04,41
CUST000574,Regular,2024-05-04,41
CUST000575,Premium,2025-03-16,29
CUST000576,Regular,2025-11-25,29
CUST000577,Regular,2024-04-27,18
CUST000578,Premium,2024-06-07,23
CUST000579,Premium,2024-09-01,20
CUST000580,Regular,2024-10-18,3
CUST000581,Regular,2025-12-06,19
CUST000582,New,2025-11-16,6
CUST000583,New,2024-05-14,33
CUST000584,Regular,2025-01-05,38
CUST000585,New,2024-07-15,3
CUST000586,New,2024-10-30,42
CUST000587,Regular,2025-07-25,39
CUST000588,New,2024-10-03,10
CUST000589,Regular,2025-12-01,7
CUST000590,New,2025-02-16,6
CUST000591,New,2024-09-04,12
CUST000592,Premium,2025-12-24,46
CUST000593,Regular,2024-11-11,34
CUST000594,New,2024-08-16,11
CUST000595,Regular,2025-01-26,19
CUST000596,Regular,2025-01-02,50
CUST000597,New,2025-02-21,39
CUST000598,New,2025-12-11,42
CUST000599,Premium,2025-02-25,22
CUST000600,New,2025-10-29,44
CUST000601,Regular,2025-01-03,17
CUST000602,New,2024-04-01,10
CUST000603,Premium,2025-02-26,38
CUST000604,Premium,2024-03-25,23
CUST000605,New,2025-03-22,45
CUST000606,Regular,2024-03-26,9
CUST000607,New,2024-06-03,6
CUST000608,New,2025-03-22,25
CUST000609,Regular,2024-04-15,9
CUST000610,New,2024-03-18,48
CUST000611,New,2024-03-03,6
CUST000612,New,2024-04-12,28
CUST000613,Regular,2024-08-31,2
CUST000614,Regular,2025-01-27,12
CUST000615,Regular,2025-06-28,50
CUST000616,Premium,2024-09-23,15
CUST000617,Premium,2025-09-15,5
CUST000618,Premium,2025-04-06,33
CUST000619,New,2024-07-30,34
CUST000620,New,2025-12-26,22
CUST000621,Premium,2024-05-11,39
CUST000622,Premium,2025-01-13,11
CUST000623,New,2025-08-01,50
CUST000624,Premium,2024-05-04,47
CUST000625,Premium,2024-11-11,27
CUST000626,New,2025-01-25,47
CUST000627,Regular,2025-06-04,40
CUST000628,New,2025-04-17,29
CUST000629,New,2025-06-08,16
CUST000630,Regular,2025-03-23,13
CUST000631,New,2025-01-22,37
CUST000632,Regular,2024-11-08,50
CUST000633,Regular,2025-04-20,33
CUST000634,Regular,2024-08-11,11
CUST000635,New,2025-07-13,9
CUST000636,Premium,2025-05-22,42
CUST000637,Regular,2024-09-28,36
CUST000638,New,2025-10-20,34
CUST000639,Regular,2025-09-28,6
CUST000640,Regular,2025-08-22,29
CUST000641,Premium,2024-08-26,28
CUST000642,Premium,2025-11-01,29
CUST000643,Premium,2025-02-10,27
CUST000644,Regular,2025-12-10,33
CUST000645,Premium,2025-01-16,25
CUST000646,Regular,2025-11-11,15
CUST000647,Regular,2026-01-05,7
CUST000648,Regular,2024-04-08,10
CUST000649,Premium,2025-09-15,19
CUST000650,New,2024-10-07,9
CUST000651,Regular,2024-02-11,29
CUST000652,Premium,2024-05-13,6
CUST000653,Regular,2026-01-14,14
CUST000654,New,2025-09-02,47
CUST000655,New,2024-05-20,28
CUST000656,Regular,2025-10-12,16
CUST000657,Premium,2025-03-31,4
CUST000658,Regular,2025-06-03,41
CUST000659,Regular,2024-05-06,5
CUST000660,Regular,2025-10-12,39
CUST000661,Premium,2024-08-03,41
CUST000662,New,2024-08-24,16
CUST000663,Regular,2025-09-08,28
CUST000664,New,2026-02-01,23
CUST000665,New,2025-06-01,27
CUST000666,New,2025-07-26,43
CUST000667,New,2025-11-07,24
CUST000668,New,2025-11-25,35
CUST000669,New,2024-09-01,36
CUST000670,Regular,2026-01-13,31
CUST000671,New,2025-12-20,25
CUST000672,Regular,2025-01-16,48
CUST000673,Regular,2026-01-17,5
CUST000674,Premium,2025-02-14,47
CUST000675,New,2024-04-01,7
CUST000676,New,2024-06-17,49
CUST000677,Premium,2025-02-27,3
CUST000678,New,2025-02-07,22
CUST000679,Premium,2024-04-15,50
CUST000680,Regular,2024-03-03,45
CUST000681,New,2024-09-30,12
CUST000682,Premium,2025-09-17,46
CUST000683,Premium,2024-10-22,19
CUST000684,Premium,2025-07-11,13
CUST000685,Regular,2025-12-22,20
CUST000686,Regular,2024-08-24,35
CUST000687,Regular,2024-10-06,3
CUST000688,Premium,2024-04-11,19
CUST000689,Premium,2025-02-02,42
CUST000690,Regular,2025-02-28,8
CUST000691,Regular,2025-01-22,26
CUST000692,Regular,2024-11-09,22
CUST000693,Regular,2025-07-26,45
CUST000694,Regular,2024-09-11,34
CUST000695,Premium,2025-05-05,47
CUST000696,Premium,2024-11-25,28
CUST000697,Premium,2024-05-27,35
CUST000698,Regular,2025-04-08,7
CUST000699,Regular,2025-11-13,43
CUST000700,Regular,2025-04-06,29
CUST000701,New,2024-05-26,28
CUST000702,New,2025-08-16,29
CUST000703,Regular,2025-02-08,3
CUST000704,New,2025-02-06,28
CUST000705,New,2025-04-27,4
CUST000706,New,2025-11-18,41
CUST000707,Regular,2024-12-14,33
CUST000708,Premium,2024-03-09,2
CUST000709,New,2025-09-09,44
CUST000710,Premium,2024-11-11,9
CUST000711,Premium,2025-11-26,50
CUST000712,Regular,2024-04-13,24
CUST000713,New,2025-01-06,3
CUST000714,Premium,2024-05-24,44
CUST000715,Regular,2024-10-30,24
CUST000716,Premium,2024-11-05,37
CUST000717,New,2025-09-15,24
CUST000718,Regular,2024-12-22,42
CUST000719,Premium,2025-04-23,8
CUST000720,New,2026-01-07,12
CUST000721,New,2024-09-09,25
CUST000722,Premium,2024-07-07,17
CUST000723,New,2025-05-12,29
CUST000724,New,2025-06-28,19
CUST000725,Regular,2024-02-23,13
CUST000726,Premium,2025-09-30,5
CUST000727,Premium,2024-10-28,46
CUST000728,Premium,2024-11-04,44
CUST000729,New,2025-03-12,23
CUST000730,Premium,2024-02-07,36
CUST000731,Regular,2024-07-27,20
CUST000732,New,2025-08-25,46
CUST000733,New,2024-02-16,12
CUST000734,New,2025-01-28,15
CUST000735,Premium,2025-10-01,9
CUST000736,Regular,2025-06-05,2
CUST000737,New,2025-01-29,37
CUST000738,Regular,2025-01-21,36
CUST000739,New,2025-09-23,6
CUST000740,Regular,2025-11-27,26
CUST000741,New,2024-09-30,27
CUST000742,New,2024-12-10,5
CUST000743,Regular,2025-09-27,42
CUST000744,Regular,2025-11-19,30
CUST000745,New,2024-03-08,23
CUST000746,New,2025-09-24,41
CUST000747,Premium,2024-06-11,50
CUST000748,Regular,2025-09-23,33
CUST000749,Premium,2025-12-08,34
CUST000750,Regular,2025-08-30,11
CUST000751,Regular,2025-08-21,46
CUST000752,Regular,2025-06-17,34
CUST000753,Premium,2025-04-18,17
CUST000754,New,2025-07-16,36
CUST000755,Premium,2025-04-27,41
CUST000756,New,2025-03-29,35
CUST000757,New,2025-10-30,42
CUST000758,New,2025-08-14,38
CUST000759,Premium,2025-08-29,43
CUST000760,New,2024-05-04,39
CUST000761,New,2025-02-22,3
CUST000762,Premium,2026-01-04,3
CUST000763,New,2024-04-17,17
CUST000764,Premium,2024-04-07,50
CUST000765,Regular,2024-06-27,40
CUST000766,Premium,2024-04-19,32
CUST000767,New,2024-05-01,19
CUST000768,Regular,2024-04-16,31
CUST000769,New,2025-05-28,26
CUST000770,Regular,2025-04-04,5
CUST000771,Premium,2024-02-28,11
CUST000772,Regular,2024-11-09,31
CUST000773,Premium,2024-10-15,22
CUST000774,Premium,2024-05-22,21
CUST000775,New,2025-03-13,23
CUST000776,Premium,2024-12-21,49
CUST000777,New,2025-01-19,36
CUST000778,Regular,2025-10-17,16
CUST000779,Premium,2024-10-13,18
CUST000780,Premium,2024-10-30,10
CUST000781,Premium,2025-10-26,19
CUST000782,New,2025-01-05,27
CUST000783,Premium,2025-05-24,21
CUST000784,New,2024-06-21,21
CUST000785,Premium,2025-07-23,32
CUST000786,Regular,2024-08-24,32
CUST000787,Regular,2025-03-24,2
CUST000788,Regular,2025-11-02,33
CUST000789,Premium,2024-10-22,14
CUST000790,Regular,2024-06-15,4
CUST000791,Regular,2025-12-13,32
CUST000792,New,2024-06-01,44
CUST000793,Regular,2024-10-09,35
CUST000794,Premium,2026-01-25,28
CUST000795,Regular,2025-09-18,47
CUST000796,Regular,2025-01-24,24
CUST000797,Regular,2025-12-18,4
CUST000798,New,2024-06-29,13
CUST000799,New,2025-01-27,19
CUST000800,Regular,2025-11-19,33
CUST000801,New,2024-10-29,18
CUST000802,New,2024-05-05,40
CUST000803,Premium,2025-10-04,7
CUST000804,Regular,2024-12-26,22
CUST000805,Regular,2024-07-11,49
CUST000806,Premium,2025-09-08,39
CUST000807,Regular,2024-08-30,33
CUST000808,Premium,2025-12-23,3
CUST000809,New,2025-09-15,22
CUST000810,New,2024-10-05,30
CUST000811,New,2025-09-03,33
CUST000812,Regular,2025-09-12,40
CUST000813,Premium,2025-03-13,26
CUST000814,New,2024-05-12,20
CUST000815,Regular,2024-06-05,33
CUST000816,New,2024-08-30,32
CUST000817,New,2024-02-08,20
CUST000818,Premium,2024-10-04,24
CUST000819,New,2025-02-28,8
CUST000820,New,2024-12-03,20
CUST000821,New,2024-02-29,2
CUST000822,Regular,2024-06-01,17
CUST000823,New,2024-04-02,37
CUST000824,New,2025-06-14,4
CUST000825,Regular,2024-06-15,11
CUST000826,New,2024-08-15,47
CUST000827,Regular,2024-05-09,10
CUST000828,Premium,2024-03-07,3
CUST000829,New,2024-06-26,8
CUST000830,Premium,2025-07-22,29
CUST000831,Regular,2025-03-18,10
CUST000832,New,2024-12-07,14
CUST000833,New,2024-12-09,50
CUST000834,Regular,2024-05-17,48
CUST000835,New,2025-12-01,9
CUST000836,Premium,2024-08-20,36
CUST000837,New,2025-03-07,31
CUST000838,Regular,2024-08-13,21
CUST000839,Regular,2025-08-09,35
CUST000840,New,2025-02-17,23
CUST000841,New,2024-03-12,44
CUST000842,New,2024-04-15,17
CUST000843,Regular,2024-05-19,13
CUST000844,Regular,2025-05-26,36
CUST000845,Premium,2025-04-03,20
CUST000846,New,2025-04-13,14
CUST000847,New,2024-02-27,32
CUST000848,Regular,2025-03-15,23
CUST000849,New,2024-07-09,18
CUST000850,Premium,2025-04-14,37
CUST000851,New,2024-03-12,25
CUST000852,Regular,2024-12-25,50
CUST000853,Regular,2025-09-06,3
CUST000854,New,2025-04-14,6
CUST000855,Regular,2025-02-13,42
CUST000856,New,2025-05-16,31
CUST000857,Premium,2025-06-28,35
CUST000858,New,2025-05-01,45
CUST000859,Premium,2025-04-30,7
CUST000860,New,2024-05-13,38
CUST000861,Premium,2025-06-02,4
CUST000862,New,2024-03-19,15
CUST000863,Premium,2024-04-20,4
CUST000864,Regular,2025-10-23,22
CUST000865,Premium,2024-10-07,44
CUST000866,Premium,2025-09-15,36
CUST000867,Regular,2025-08-25,42
CUST000868,Regular,2024-10-03,42
CUST000869,Regular,2025-07-13,21
CUST000870,New,2025-04-16,4
CUST000871,New,2025-11-03,37
CUST000872,New,2025-06-10,48
CUST000873,Premium,2025-12-26,27
CUST000874,Premium,2025-08-06,26
CUST000875,Premium,2024-09-13,48
CUST000876,Premium,2025-04-12,1
CUST000877,New,2025-04-03,39
CUST000878,Regular,2025-10-16,19
CUST000879,New,2024-10-25,35
CUST000880,Regular,2024-08-15,9
CUST000881,Regular,2024-09-04,18
CUST000882,Premium,2025-07-20,22
CUST000883,New,2025-08-20,30
CUST000884,Regular,2024-04-10,46
CUST000885,Premium,2025-07-27,48
CUST000886,Regular,2025-02-22,37
CUST000887,Premium,2024-03-14,12
CUST000888,New,2024-05-18,26
CUST000889,New,2024-11-22,21
CUST000890,Regular,2025-11-06,43
CUST000891,Premium,2025-10-28,9
CUST000892,Regular,2024-10-02,16
CUST000893,Regular,2026-01-27,25
CUST000894,Regular,2025-06-06,49
CUST000895,Regular,2025-05-05,20
CUST000896,New,2024-06-16,37
CUST000897,Regular,2026-01-22,42
CUST000898,New,2025-01-30,16
CUST000899,New,2025-12-01,8
CUST000900,Regular,2024-10-14,11
CUST000901,New,2024-12-14,33
CUST000902,Regular,2024-02-13,45
CUST000903,New,2025-10-05,19
CUST000904,New,2025-01-22,15
CUST000905,Premium,2025-06-23,31
CUST000906,Regular,2025-08-30,48
CUST000907,Regular,2024-05-23,27
CUST000908,New,2024-02-15,31
CUST000909,New,2024-08-01,14
CUST000910,New,2025-05-25,49
CUST000911,Premium,2024-06-02,34
CUST000912,New,2024-11-02,46
CUST000913,Premium,2025-01-28,37
CUST000914,Premium,2025-10-11,36
CUST000915,Premium,2024-09-03,37
CUST000916,Premium,2024-08-02,11
CUST000917,New,2025-03-04,29
CUST000918,New,2025-10-06,14
CUST000919,Regular,2024-06-15,6
CUST000920,Regular,2024-08-29,4
CUST000921,Premium,2024-10-26,33
CUST000922,Regular,2024-12-04,37
CUST000923,New,2025-12-05,30
CUST000924,Regular,2024-03-16,47
CUST000925,Regular,2026-01-11,17
CUST000926,New,2026-01-30,14
CUST000927,Premium,2024-06-20,3
CUST000928,Regular,2024-11-26,45
CUST000929,New,2025-11-29,4
CUST000930,Regular,2025-11-24,3
CUST000931,Regular,2025-04-15,12
CUST000932,New,2025-09-17,47
CUST000933,Regular,2024-04-12,24
CUST000934,Regular,2025-01-07,25
CUST000935,Premium,2025-01-14,44
CUST000936,New,2024-03-27,9
CUST000937,Regular,2024-04-04,8
CUST000938,New,2025-08-04,26
CUST000939,Premium,2024-08-10,47
CUST000940,Premium,2025-06-19,49
CUST000941,Regular,2026-01-10,30
CUST000942,New,2024-03-15,35
CUST000943,New,2024-11-25,25
CUST000944,Premium,2025-06-12,30
CUST000945,Premium,2025-02-13,18
CUST000946,New,2025-07-24,49
CUST000947,Premium,2025-10-10,43
CUST000948,New,2024-11-30,50
CUST000949,Premium,2026-01-17,14
CUST000950,Premium,2025-11-26,39
CUST000951,Regular,2025-12-30,39
CUST000952,New,2024-03-16,4
CUST000953,New,2025-05-28,3
CUST000954,Regular,2024-12-18,15
CUST000955,Premium,2024-07-30,49
CUST000956,Premium,2025-12-07,33
CUST000957,Premium,2025-04-12,47
CUST000958,Regular,2024-06-23,37
CUST000959,New,2024-05-31,21
CUST000960,Regular,2025-06-05,10
CUST000961,New,2024-03-28,15
CUST000962,Regular,2024-12-06,18
CUST000963,New,2025-12-02,38
CUST000964,New,2025-08-07,44
CUST000965,New,2024-11-22,32
CUST000966,Regular,2025-12-16,42
CUST000967,Regular,2024-03-17,34
CUST000968,New,2025-03-13,27
CUST000969,Premium,2024-12-11,20
CUST000970,Premium,2025-01-13,49
CUST000971,Regular,2024-08-01,16
CUST000972,Regular,2025-06-17,46
CUST000973,Regular,2025-09-08,4
CUST000974,Regular,2024-07-07,27
CUST000975,New,2024-07-12,9
CUST000976,Premium,2025-01-01,17
CUST000977,Regular,2025-07-09,42
CUST000978,Regular,2025-11-14,24
CUST000979,New,2025-10-31,47
CUST000980,Premium,2025-07-22,18
CUST000981,New,2025-01-12,39
CUST000982,Premium,2024-05-26,5
CUST000983,New,2025-07-25,47
CUST000984,New,2024-03-17,14
CUST000985,Premium,2024-09-30,22
CUST000986,Premium,2025-03-29,14
CUST000987,New,2025-07-23,8
CUST000988,Premium,2024-09-30,45
CUST000989,New,2024-05-25,14
CUST000990,Premium,2024-12-23,36
CUST000991,Regular,2025-03-10,25
CUST000992,New,2024-10-13,42
CUST000993,Regular,2025-01-31,17
CUST000994,New,2025-01-30,32
CUST000995,Premium,2024-10-13,47
CUST000996,Regular,2024-10-10,14
CUST000997,Regular,2025-01-19,27
CUST000998,New,2025-12-18,15
CUST000999,Premium,2025-09-06,17
CUST001000,New,2024-07-16,38
